{"cameraMode":{"drawMode":0,"name":"Shaded","section":"Shading Mode"},"sceneLighting":false,"audioPlay":false,"sceneViewState":{"m_AlwaysRefresh":false,"showFog":true,"showSkybox":false,"showFlares":true,"showImageEffects":true,"showParticleSystems":true,"showVisualEffectGraphs":true,"m_FxEnabled":true},"in2DMode":false,"pivot":{"x":-6.785675048828125,"y":5.32403564453125,"z":-2.2489452362060549},"rotation":{"x":0.053793445229530337,"y":-0.24373464286327363,"z":0.013541195541620255,"w":0.9682562947273254},"size":0.8660253882408142,"orthographic":false}